allagamenti,1
allagamento,1
allagata,1
allagato,1
allerta,1
alluvione,1
bloccata,1
bloccati,1
bloccato,1
bomba,1
bombe,1
burrasca,1
celebrazioni,-1
chiusa,1
chiuse,1
chiuso,1
codice,1
crolla,1
danni,1
devastò,-1
disagi,1
dispersi,1
disperso,1
emergenza,1
evacuata,1
evacuate,1
feriti,1
ferito,1
festa,-1
forte,1
forti,1
frana,1
gelata,1
gelata,1
gelate,1
gelate,1
gelo,1
gialla,1
giallo,1
grandine,1
inagibile,1
inagibili,1
ingenti,1
intensa,1
intense,1
intensi,1
intenso,1
isolata,1
isolate,1
isolati,1
isolato,1
magnitudo,1
mareggiata,1
morti,1
morto,1
pompieri,1
record,1
ricorda,-1
ricostruita,-1
ricostruito,-1
ricostruzione,-1
rischio,-1
rosso,2
scossa,1
scosse,1
sfiora,-1
sfiorata,-1
sfiorato,-1
sfollate,1
sfollati,1
siccità,1
soccorsi,1
soccorso,1
tempesta,1
tifone,1
torrido,1
tragedia,1
vigili,1
violenta,1
violento,1
vittima,1
vittime,1
