Regione,2009,2010,2011,2012,2013,2014,2015,2016
Abruzzo,34,64,136,154,41,21,85,17
Basilicata,142,150,295,343,126,68,154,15
Calabria,716,652,1238,1069,292,492,866,61
Campania,903,543,1435,1186,319,307,933,98
Emilia Romagna,86,19,120,167,34,26,51,10
Friuli V.Giulia,73,53,98,187,51,12,50,18
Lazio,325,354,609,715,198,211,414,60
Liguria,332,113,293,354,139,97,244,67
Lombardia,138,82,227,262,92,93,234,106
Marche,19,9,84,70,14,4,24,3
Molise,49,74,129,142,63,32,77,9
Piemonte,117,66,209,166,147,109,306,101
Puglia,277,473,580,557,357,217,436,16
Sardegna,684,797,820,448,302,479,251,16
Sicilia,762,1159,1011,1271,458,938,832,73
Toscana,549,165,646,756,209,113,338,89
Trentino A.Adige,48,39,43,65,38,10,31,18
Umbria,56,40,123,186,21,7,57,4
Valle D'Aosta,13,7,16,12,4,6,14,1
Veneto,99,25,69,164,31,15,50,20