Anno;Regione;Percentuale forestale percorsa dal fuoco
2005;Piemonte;0.21
2005;Valle d'Aosta;0.31
2005;Lombardia;0.16
2005;Trentino-Alto Adige;0.01
2005;Veneto;0.01
2005;Friuli-Venezia Giulia;0.02
2005;Liguria;1.12
2005;Emilia-Romagna;0.03
2005;Toscana;0.08
2005;Umbria;0.11
2005;Marche;0.01
2005;Lazio;0.54
2005;Abruzzo;0.08
2005;Molise;0.16
2005;Campania;0.50
2005;Puglia;1.03
2005;Basilicata;0.38
2005;Calabria;1.13
2005;Sicilia;2.54
2005;Sardegna;1.11
2006;Piemonte;0.12
2006;Valle d'Aosta;0.09
2006;Lombardia;0.12
2006;Trentino-Alto Adige;0.00
2006;Veneto;0.02
2006;Friuli-Venezia Giulia;0.13
2006;Liguria;0.41
2006;Emilia-Romagna;0.03
2006;Toscana;0.05
2006;Umbria;0.05
2006;Marche;0.03
2006;Lazio;0.32
2006;Abruzzo;0.08
2006;Molise;0.14
2006;Campania;0.50
2006;Puglia;1.75
2006;Basilicata;0.30
2006;Calabria;1.30
2006;Sicilia;3.98
2006;Sardegna;0.36
2007;Piemonte;0.39
2007;Valle d'Aosta;0.01
2007;Lombardia;0.24
2007;Trentino-Alto Adige;0.02
2007;Veneto;0.02
2007;Friuli-Venezia Giulia;0.05
2007;Liguria;0.80
2007;Emilia-Romagna;0.16
2007;Toscana;0.12
2007;Umbria;0.36
2007;Marche;1.65
2007;Lazio;2.24
2007;Abruzzo;4.83
2007;Molise;1.92
2007;Campania;5.91
2007;Puglia;11.15
2007;Basilicata;2.30
2007;Calabria;7.04
2007;Sicilia;13.74
2007;Sardegna;2.35
2008;Piemonte;0.10
2008;Valle d'Aosta;0.01
2008;Lombardia;0.17
2008;Trentino-Alto Adige;0.00
2008;Veneto;0.01
2008;Friuli-Venezia Giulia;0.02
2008;Liguria;0.22
2008;Emilia-Romagna;0.03
2008;Toscana;0.09
2008;Umbria;0.09
2008;Marche;0.02
2008;Lazio;0.45
2008;Abruzzo;0.14
2008;Molise;0.55
2008;Campania;0.89
2008;Puglia;4.74
2008;Basilicata;1.47
2008;Calabria;2.94
2008;Sicilia;5.26
2008;Sardegna;0.34
2009;Piemonte;0.04
2009;Valle d'Aosta;0.01
2009;Lombardia;0.06
2009;Trentino-Alto Adige;0.00
2009;Veneto;0.01
2009;Friuli-Venezia Giulia;0.10
2009;Liguria;0.70
2009;Emilia-Romagna;0.03
2009;Toscana;0.16
2009;Umbria;0.01
2009;Marche;0.02
2009;Lazio;0.42
2009;Abruzzo;0.04
2009;Molise;0.13
2009;Campania;1.39
2009;Puglia;2.43
2009;Basilicata;1.00
2009;Calabria;0.73
2009;Sicilia;2.55
2009;Sardegna;3.06
2010;Piemonte;0.02
2010;Valle d'Aosta;0.00
2010;Lombardia;0.05
2010;Trentino-Alto Adige;0.00
2010;Veneto;0.00
2010;Friuli-Venezia Giulia;0.01
2010;Liguria;0.05
2010;Emilia-Romagna;0.00
2010;Toscana;0.01
2010;Umbria;0.03
2010;Marche;0.01
2010;Lazio;0.52
2010;Abruzzo;0.09
2010;Molise;0.25
2010;Campania;0.53
2010;Puglia;2.80
2010;Basilicata;0.59
2010;Calabria;0.85
2010;Sicilia;5.99
2010;Sardegna;0.54
2011;Piemonte;0.01
2011;Valle d'Aosta;0.84
2011;Lombardia;0.20
2011;Trentino-Alto Adige;0.00
2011;Veneto;0.14
2011;Friuli-Venezia Giulia;0.10
2011;Liguria;0.40
2011;Emilia-Romagna;0.03
2011;Toscana;0.09
2011;Umbria;0.08
2011;Marche;0.15
2011;Lazio;1.14
2011;Abruzzo;0.28
2011;Molise;0.50
2011;Campania;1.82
2011;Puglia;4.01
2011;Basilicata;0.86
2011;Calabria;2.36
2011;Sicilia;3.96
2011;Sardegna;0.84
2012;Piemonte;0.15
2012;Valle d'Aosta;0.05
2012;Lombardia;0.20
2012;Trentino-Alto Adige;0.01
2012;Veneto;0.03
2012;Friuli-Venezia Giulia;0.22
2012;Liguria;0.35
2012;Emilia-Romagna;0.08
2012;Toscana;0.25
2012;Umbria;0.63
2012;Marche;0.09
2012;Lazio;1.33
2012;Abruzzo;0.35
2012;Molise;0.63
2012;Campania;1.82
2012;Puglia;4.61
2012;Basilicata;1.72
2012;Calabria;3.68
2012;Sicilia;16.44
2012;Sardegna;0.70
2013;Piemonte;0.07
2013;Valle d'Aosta;0.00
2013;Lombardia;0.07
2013;Trentino-Alto Adige;0.01
2013;Veneto;0.00
2013;Friuli-Venezia Giulia;0.40
2013;Liguria;0.07
2013;Emilia-Romagna;0.00
2013;Toscana;0.01
2013;Umbria;0.01
2013;Marche;0.01
2013;Lazio;0.23
2013;Abruzzo;0.07
2013;Molise;0.25
2013;Campania;0.24
2013;Puglia;1.85
2013;Basilicata;0.26
2013;Calabria;0.46
2013;Sicilia;1.50
2013;Sardegna;0.87
2014;Piemonte;0.02
2014;Valle d'Aosta;0.00
2014;Lombardia;0.02
2014;Trentino-Alto Adige;0.00
2014;Veneto;0.00
2014;Friuli-Venezia Giulia;0.00
2014;Liguria;0.04
2014;Emilia-Romagna;0.01
2014;Toscana;0.03
2014;Umbria;0.00
2014;Marche;0.02
2014;Lazio;0.18
2014;Abruzzo;0.01
2014;Molise;0.06
2014;Campania;0.17
2014;Puglia;0.67
2014;Basilicata;0.15
2014;Calabria;0.13
2014;Sicilia;5.84
2014;Sardegna;0.50
